{
    "option":2, 
    "voltage":20,
    "time": 10,
    "resistences":[ 1.2226859808494968, 0.79155672823219, 1, 7, 7.5, 8.3, 3],
    "power":43,
    "frequency": 1000,
    "cycles": 7665 
}
